time,J_1,J_2,J_3,top_disp
0,0,0,0,0
0.0001,3.3220422860536e-06,3.3235532450229e-06,3.3244587463886e-06,0.0001
0.0002,1.328741855334e-05,1.3293864694018e-05,1.3297832853131e-05,0.0002
0.0003,2.9895002812544e-05,2.9910411890774e-05,2.9920119099363e-05,0.0003
0.0004,5.3143668937019e-05,5.3172672342951e-05,5.3191314234582e-05,0.0004
0.0005,8.3032290662779e-05,8.3080123522077e-05,8.3111414978645e-05,0.0005
0.0006,0.0001195597415885,0.00011963224286355,0.00011968041802177,0.0006
0.0007,0.00016272489517554,0.00016282850776663,0.00016289832002454,0.0007
0.0008,0.0002125266247479,0.00021266839559445,0.00021276511761789,0.0008
0.0009,0.00026896380349226,0.00026915138367401,0.00026928080740313,0.0009
0.001,0.00033203530445795,0.00033227694929619,0.00033244538595192,0.001
0.0011,0.00040174000055699,0.00040204456971572,0.00040225884980628,0.0011
0.0012,0.00047807676456403,0.00047845372215121,0.0004787211954786,0.0012
0.0013,0.00056104446911642,0.00056150388378514,0.00056183241945162,0.0013
0.0014,0.00065064198671415,0.00065119453176385,0.00065159251817845,0.0014
0.0015,0.00074686818971989,0.00074752514319756,0.00074800148808256,0.0015
0.0016,0.00084972195035896,0.00085049519516034,0.00085105932555778,0.0016
0.0017,0.00095920214071936,0.00096010416469016,0.00096076602696829,0.0017
0.0018,0.0010753076327518,0.0010763515287888,0.0010771215886486,0.0018
0.0019,0.0011980372982694,0.001199236764422,0.0012001260069038,0.0019
0.002,0.0013273900089484,0.0013287593485193,0.0013297792780089,0.002
0.0021,0.0014633646363274,0.0014649187579741,0.0014660813982097,0.0021
0.0022,0.0016059600518076,0.0016077144696437,0.0016090323637222,0.0022
0.0023,0.001755175126653,0.0017571459603493,0.0017586321707327,0.0023
0.0024,0.0019110087319904,0.0019132127068759,0.001914880815398,0.0024
0.0025,0.0020734597388089,0.0020759141859723,0.002077778293845,0.0025
0.0026,0.0022425270179606,0.0022452498743515,0.0022473246021713,0.0026
0.0027,0.0024182094401602,0.0024212192486899,0.0024235197364447,0.0027
0.0028,0.0026005058759849,0.0026038217856282,0.0026063636927032,0.0028
0.0029,0.0027894151958746,0.0027930569617707,0.0027958564669555,0.0029
0.003,0.0029849362701321,0.0029889242536855,0.0029919980551804,0.003
0.0031,0.0031870679689226,0.003191423137905,0.0031947884533272,0.0031
0.0032,0.0033958091622742,0.0034005530909249,0.0034042276573155,0.0032
0.0033,0.0036111587200773,0.0036163135892052,0.0036203156630352,0.0033
0.0034,0.0038331155120854,0.0038387041091696,0.0038430524663466,0.0034
0.0035,0.0040616784079143,0.0040677241272056,0.0040724380630805,0.0035
0.0036,0.0042968462770428,0.0043033731196648,0.0043084724490379,0.0036
0.0037,0.004538617988812,0.0045456505628624,0.0045511556199902,0.0037
0.0038,0.004786992412426,0.0047945559330776,0.0048004875716791,0.0038
0.0039,0.0050419684169513,0.0050500887065536,0.0050564682998169,0.0039
0.004,0.0053035448713173,0.0053122483594971,0.005319097800086,0.004
