displacement_mm,force_N
0.000000000000000000e+00,0.000000000000000000e+00
2.520000000000000018e-02,5.710888832355803402e+01
5.040000000000000036e-02,1.142177766471160680e+02
7.560000000000000053e-02,1.713266649706740736e+02
1.008000000000000007e-01,2.284355532942321361e+02
1.260000000000000009e-01,2.855444416177901417e+02
1.512000000000000011e-01,3.426533299413481473e+02
1.764000000000000012e-01,3.997622182649061529e+02
2.016000000000000014e-01,4.568711065884642721e+02
2.268000000000000016e-01,5.139799949120222209e+02
2.520000000000000018e-01,5.710888832355802833e+02
2.772000000000000020e-01,6.281977715591383458e+02
3.024000000000000021e-01,6.853066598826962945e+02
3.276000000000000023e-01,7.424155482062543570e+02
3.528000000000000025e-01,7.995244365298123057e+02
3.780000000000000027e-01,8.566333248533703681e+02
4.032000000000000028e-01,9.137422131769285443e+02
4.284000000000000030e-01,9.708511015004864930e+02
4.536000000000000032e-01,1.027959989824044442e+03
4.788000000000000034e-01,1.085068878147602391e+03
5.040000000000000036e-01,1.142177766471160567e+03
