time,av_stress_yy,crack_c,reaction_y,top_disp
0,0,0,0,0
5e-05,0.0096448950825643,4.758825079699e-05,0.0096448950826024,5e-05
0.0001,0.019280166062901,0.00019035319573564,0.019280166063013,0.0001
0.00015,0.028896202969477,0.00042820038586721,0.028896202969729,0.00015
0.0002,0.038483436293403,0.00076089337977479,0.038483436293403,0.0002
0.00025,0.048032356940933,0.0011881017350352,0.048032356940932,0.00025
0.0003,0.057533535817054,0.0017094017473363,0.057533535817053,0.0003
0.00035,0.066977642931409,0.002324277337354,0.066977642931408,0.00035
0.0004,0.076355465907445,0.0030321211111474,0.076355465907444,0.0004
0.00045,0.085657927774965,0.0038322356220456,0.085657927774964,0.00045
0.0005,0.094876103927669,0.004723834802414,0.094876103927667,0.0005
0.00055,0.10400123817273,0.0057060454637111,0.10400123817273,0.00055
0.0006,0.11302475759461,0.0067779091507123,0.11302475759461,0.0006
0.00065,0.12193828635226,0.0079383839547638,0.12193828635226,0.00065
0.0007,0.13073365818726,0.0091863465012345,0.13073365818726,0.0007
0.00075,0.13940292726291,0.010520594196898,0.13940292726291,0.00075
0.0008,0.14793837774158,0.011939847372141,0.14793837774158,0.0008
0.00085,0.15633253165964,0.013442751095226,0.15633253165964,0.00085
0.0009,0.16457815422238,0.015027878763062,0.16457815422239,0.0009
0.00095,0.17266825800975,0.016693733306455,0.17266825800977,0.00095
0.001,0.18059610669914,0.018438749503229,0.18059610669917,0.001
0.00105,0.18835521208254,0.020261296663261,0.1883552120826,0.00105
0.0011,0.19593933368482,0.022159680179877,0.19593933368489,0.0011
0.00115,0.20334245725653,0.02413215016218,0.20334245725666,0.00115
0.0012,0.21055879731768,0.026176897197857,0.21055879731791,0.0012
0.00125,0.21758278042033,0.028292057340756,0.21758278042061,0.00125
0.0013,0.22440902455562,0.030475711231936,0.22440902455602,0.0013
0.00135,0.23103231063151,0.032725889288179,0.23103231063218,0.00135
0.0014,0.23744755036763,0.035040573602951,0.23744755036856,0.0014
0.00145,0.24364978183134,0.037417688069368,0.24364978183254,0.00145
0.0015,0.24963410366801,0.039855105166369,0.24963410366991,0.0015
0.00155,0.2553954411296,0.042350677408429,0.25539544112987,0.00155
0.0016,0.26092866341799,0.044902193011378,0.26092866341848,0.0016
0.00165,0.26622839050146,0.047507391885488,0.26622839050237,0.00165
0.0017,0.27128883926481,0.050163959371241,0.27128883926495,0.0017
0.00175,0.2761035802559,0.052869529403694,0.27610358025621,0.00175
0.0018,0.28066525009632,0.055621677336699,0.28066525009718,0.0018
0.00185,0.28496512083706,0.058417908681896,0.28496512083717,0.00185
0.0019,0.28899249100015,0.06125563184274,0.2889924909996,0.0019
0.00195,0.292733588439,0.064132192868522,0.29273358843545,0.00195
0.002,0.29617010551131,0.067044791417845,0.29617010549613,0.002
0.00205,0.29927657159287,0.069990492013648,0.29927657157548,0.00205
0.0021,0.30201499992031,0.072966485766762,0.30201499990116,0.0021
0.00215,0.30432446693281,0.075971796554715,0.30432446691285,0.00215
0.0022,0.3060956673622,0.079017171649493,0.30609566734223,0.0022
0.00225,0.30710140865088,0.082147152395124,0.30710140863227,0.00225
0.0023,0.30674425260453,0.085489736846696,0.30674425260453,0.0023
0.00235,0.30137480945092,0.089856726704242,0.30137480945278,0.00235
0.002353125,0.29990016739076,0.090391111789992,0.29990016739059,0.002353125
0.0023546875,0.29852461309953,0.090808484877225,0.29852461309936,0.0023546875
0.002355078125,0.29803715515002,0.090945360314646,0.29803715515002,0.002355078125
0.00235546875,0.29730572137314,0.091138965059096,0.29730572137313,0.00235546875
0.002355859375,0.29569530827078,0.091532797180154,0.29569530827078,0.002355859375
0.0023560546875,0.29382777169616,0.091957617122928,0.29382777169616,0.0023560546875
0.00235615234375,0.29211996613153,0.092325334248861,0.29211996613153,0.00235615234375
0.002356201171875,0.29089534265702,0.092579084519182,0.29089534265702,0.002356201171875
0.00235625,0.28894947793971,0.092966310195735,0.28894947793971,0.00235625
0.002356298828125,0.28525027646662,0.093662058039094,0.28525027646662,0.002356298828125
0.00235634765625,0.27717214337209,0.095095924317069,0.27717214337209,0.00235634765625
0.0023563720703125,0.27198374838736,0.09601027050818,0.27198374838736,0.0023563720703125
0.0023564208984375,0.26033644938151,0.098247513608978,0.26033644938151,0.0023564208984375
0.0023564697265625,0.24989339421438,0.1004452906749,0.24989339421438,0.0023564697265625
0.0023565185546875,0.24081466711702,0.10246701358717,0.24081466711701,0.0023565185546875
0.0023565673828125,0.23285121634175,0.10429079568654,0.23285121634174,0.0023565673828125
0.0023566162109375,0.22575299691486,0.10594024147844,0.22575299691486,0.0023566162109375
0.0023567138671875,0.21409048246592,0.10868611682791,0.21409048246592,0.0023567138671875
0.0023568115234375,0.20438546428976,0.110979826241,0.20438546428976,0.0023568115234375
0.0023569091796875,0.19612599769005,0.11293828867964,0.19612599769005,0.0023569091796875
0.0023570068359375,0.18903210632903,0.11462388969456,0.18903210632902,0.0023570068359375
0.0023571044921875,0.18278826969625,0.11610807466027,0.18278826969624,0.0023571044921875
0.0023572021484375,0.17726652609317,0.11742155772571,0.17726652609317,0.0023572021484375
