time,applied_disp,crack_c,reaction
0,0,0,0
5e-05,5e-05,0.0363369109325,0.0039758982274772
0.0001,0.0001,0.036426603705517,0.00794941426968
0.000175,0.000175,0.036610550920996,0.0139037527396
0.0002875,0.0002875,0.037147888074864,0.022795940056652
0.00045625,0.00045625,0.038648250041906,0.035969091898826
0.000709375,0.000709375,0.042335823347034,0.055136153862353
0.0010890625,0.0010890625,0.050920639726229,0.081800953278027
0.00165859375,0.00165859375,0.069945308030287,0.11474313993584
0.002512890625,0.002512890625,0.10851007579739,0.14291033995206
0.0037943359375,0.0037943359375,0.1727637319032,0.14448869715191
0.00507578125,0.00507578125,0.25378959783246,0.096617756900747
0.0063572265625,0.0063572265625,0.30048062769054,0.06163540086119
0.0065174072265625,0.0065174072265625,0.32722838666341,0.036024040343208
